price,area,bathrooms,stories,mainroad,guestroom,basement,hotwaterheating,airconditioning,parking,prefarea,unfurnished,,,,,,,,,,
1,0.396563574,0.333333333,0.666666667,1,0,0,0,1,0.666666667,1,0,,,,,,,,,,
0.909090909,0.502405498,1,1,1,0,0,0,1,1,0,0,,SUMMARY OUTPUT,,,,,,,,
0.909090909,0.571134021,0.333333333,0.333333333,1,0,1,0,0,0.666666667,1,0,,,,,,,,,,
0.906060606,0.402061856,0.333333333,0.333333333,1,0,1,0,1,1,1,0,,Regression Statistics,,,,,,,,
0.836363636,0.396563574,0,0.333333333,1,1,1,0,1,0.666666667,0,0,,Multiple R,0.825712934,,,,,,,
0.787878788,0.402061856,0.666666667,0,1,0,1,0,1,0.666666667,1,0,,R Square,0.681801849,,,,,,,
0.727272727,0.47628866,0.666666667,1,1,0,0,0,1,0.666666667,1,0,,Adjusted R Square,0.674011687,,,,,,,
0.727272727,1,0.666666667,0.333333333,1,0,0,0,0,0,0,1,,Standard Error,0.092461881,,,,,,,
0.703030303,0.443298969,0,0.333333333,1,1,1,0,1,0.666666667,1,0,,Observations,545,,,,,,,
0.696969697,0.281786942,0.333333333,1,1,1,0,0,1,0.333333333,1,1,,,,,,,,,,
0.696969697,0.793814433,0,0.333333333,1,0,1,0,1,0.666666667,1,0,,ANOVA,,,,,,,,
0.686666667,0.298969072,0.666666667,0.333333333,1,1,1,1,0,0.666666667,0,0,,,df,SS,MS,F,Significance F,,,
0.654545455,0.336769759,0.333333333,0.333333333,1,0,0,0,1,0.333333333,1,0,,Regression,13,9.727035257,0.748233481,87.52088305,9.0719E-123,,,
0.648484848,0.127147766,0.333333333,0.333333333,1,0,0,1,0,0.666666667,0,0,,Residual,531,4.539624884,0.008549199,,,,,
0.648484848,0.422680412,0.333333333,0.333333333,1,0,0,0,0,0,1,0,,Total,544,14.26666014,,,,,,
0.636363636,0.298969072,0,0.333333333,1,0,1,0,0,0.666666667,0,0,,,,,,,,,,
0.636363636,0.340206186,0.333333333,0.333333333,1,1,1,0,1,0.333333333,1,1,,,Coefficients,Standard Error,t Stat,P-value,Lower 95%,Upper 95%,Lower 95.0%,Upper 95.0%
0.624242424,0.470790378,0.333333333,1,1,0,0,0,1,0.666666667,0,0,,Intercept,0.021550247,0.018211014,1.183363355,0.237194686,-0.014224226,0.05732472,-0.014224226,0.05732472
0.618181818,0.202749141,0.333333333,0.333333333,1,1,0,0,1,0.666666667,0,0,,area,0.307552214,0.030597594,10.05151633,7.06869E-22,0.247445029,0.367659399,0.247445029,0.367659399
0.615151515,0.327835052,0.333333333,0.333333333,1,0,0,0,1,0.333333333,1,0,,bedrooms,0.049691584,0.031427993,1.581124945,0.114444908,-0.012046872,0.111430041,-0.012046872,0.111430041
0.606060606,0.183505155,0,0.333333333,1,0,1,1,0,0.666666667,0,0,,bathrooms,0.256537171,0.026847267,9.555429592,4.52707E-20,0.203797283,0.309277058,0.203797283,0.309277058
0.6,0.378350515,0.333333333,0,1,1,1,0,1,0.666666667,0,1,,stories,0.117103377,0.016667255,7.02595472,6.54763E-12,0.084361529,0.149845225,0.084361529,0.149845225
0.596969697,0.439862543,0,0,1,1,1,0,1,0.333333333,0,0,,mainroad,0.036473817,0.012313777,2.962033181,0.003192999,0.012284121,0.060663513,0.012284121,0.060663513
0.596969697,0.2,0.333333333,0.333333333,1,1,1,0,1,0.333333333,0,0,,guestroom,0.026019555,0.011403482,2.281720135,0.022900754,0.003618081,0.048421029,0.003618081,0.048421029
0.590909091,0.491408935,0.333333333,0.333333333,1,0,0,0,1,0.666666667,0,0,,basement,0.030312286,0.009548403,3.174592178,0.001587481,0.011555006,0.049069566,0.011555006,0.049069566
0.587878788,0.336082474,0.333333333,0.333333333,1,1,1,0,1,0.666666667,1,0,,hotwaterheating,0.074064688,0.019320579,3.833461057,0.000141495,0.036110539,0.112018837,0.036110539,0.112018837
0.581212121,0.298969072,0.333333333,1,1,1,1,0,1,0,1,0,,airconditioning,0.074888165,0.009381343,7.98267004,8.90601E-15,0.056459065,0.093317266,0.056459065,0.093317266
0.575757576,0.496563574,0,0,1,0,0,0,0,0.333333333,0,0,,parking,0.07197587,0.015201529,4.734778218,2.81718E-06,0.042113354,0.101838387,0.042113354,0.101838387
0.575757576,0.432989691,0.333333333,0.333333333,1,0,1,1,0,0.666666667,0,1,,prefarea,0.056410719,0.010015787,5.63218048,2.8882E-08,0.036735291,0.076086146,0.036735291,0.076086146
0.575757576,0.264604811,0.333333333,0.333333333,1,0,1,0,1,0.333333333,1,0,,semi-furnished,-0.004012521,0.010092995,-0.397555069,0.691117948,-0.02383962,0.015814577,-0.02383962,0.015814577
0.575757576,0.400343643,0.333333333,1,1,0,0,0,1,0.666666667,0,1,,unfurnished,-0.035604709,0.010927321,-3.258320005,0.001192433,-0.057070792,-0.014138625,-0.057070792,-0.014138625
0.575757576,0.367697595,0,1,1,0,0,0,1,0.666666667,0,0,,,,,,,,,,
0.566666667,0.221993127,0.333333333,0.333333333,1,0,0,0,1,0.333333333,1,0,,,,,,,,,,
0.557575758,0.296219931,0.666666667,0.333333333,1,1,1,0,0,0.333333333,0,1,,,,,,,,,,
0.551515152,0.356701031,0,0.333333333,1,1,1,0,1,0.333333333,0,0,,SUMMARY OUTPUT,,,,,,,,
0.548133333,0.367697595,0.333333333,1,1,0,0,0,1,0.666666667,0,0,,,,,,,,,,
0.544848485,0.400824742,0.333333333,0.666666667,1,0,0,1,0,0.333333333,1,0,,Regression Statistics,,,,,,,,
0.539393939,0.505154639,0.333333333,1,1,0,0,0,1,0.666666667,0,0,,Multiple R,0.824753293,,,,,,,
0.537878788,0.298969072,0,1,1,1,0,0,1,0.666666667,0,1,,R Square,0.680217994,,,,,,,
0.533333333,0.298969072,0.333333333,1,1,0,0,0,1,0.333333333,0,0,,Adjusted R Square,0.673618366,,,,,,,
0.53030303,0.336769759,0,0.333333333,1,0,1,0,1,0,1,0,,Standard Error,0.092517644,,,,,,,
0.527272727,0.32371134,0.333333333,1,1,0,0,0,1,0,1,0,,Observations,545,,,,,,,
0.515151515,0.331958763,0.333333333,1,1,0,0,0,1,0.666666667,0,1,,,,,,,,,,
0.515151515,0.298969072,0.333333333,1,1,0,0,0,0,0.666666667,0,0,,ANOVA,,,,,,,,
0.503030303,0.298969072,0.333333333,1,1,0,0,0,1,0.333333333,0,0,,,df,SS,MS,F,Significance F,,,
0.503030303,0.298969072,0.333333333,0.666666667,1,0,0,0,1,0,0,0,,Regression,11,9.704438946,0.882221722,103.0691319,3.2417E-124,,,
0.5,0.298969072,0.333333333,1,1,0,0,0,1,0.333333333,0,0,,Residual,533,4.562221195,0.008559514,,,,,
0.496969697,0.340206186,0,1,1,0,0,0,1,1,1,0,,Total,544,14.26666014,,,,,,
0.493939394,0.182130584,0.333333333,0.333333333,1,0,1,0,0,0.333333333,0,1,,,,,,,,,,
0.490909091,0.397938144,0.333333333,0,1,1,1,0,1,0,1,0,,,Coefficients,Standard Error,t Stat,P-value,Lower 95%,Upper 95%,Lower 95.0%,Upper 95.0%
0.490909091,0.397938144,0.333333333,1,1,0,0,0,0,0.333333333,1,1,,Intercept,0.034939265,0.01294047,2.699999721,0.007154308,0.009518686,0.060359844,0.009518686,0.060359844
0.490909091,0.321305842,0,1,1,0,0,0,1,0.333333333,0,1,,area,0.311741252,0.030504894,10.2193849,1.65044E-22,0.251816684,0.37166582,0.251816684,0.37166582
0.484848485,0.298969072,0.333333333,1,1,1,0,0,1,0.333333333,0,0,,bathrooms,0.266173942,0.026183986,10.1655243,2.62424E-22,0.214737473,0.317610411,0.214737473,0.317610411
0.484848485,0.240549828,0.333333333,1,1,0,0,0,1,0.666666667,0,0,,stories,0.12646537,0.015611276,8.10089912,3.7426E-15,0.095798194,0.157132547,0.095798194,0.157132547
0.484848485,0.298969072,0.333333333,0.333333333,1,1,0,0,1,0.333333333,0,0,,mainroad,0.034293729,0.012216557,2.807151673,0.005181173,0.010295222,0.058292235,0.010295222,0.058292235
0.484848485,0.298969072,0,0.333333333,1,0,0,0,1,0.333333333,0,1,,guestroom,0.025755785,0.011401259,2.259029819,0.024284732,0.003358869,0.048152701,0.003358869,0.048152701
0.484242424,0.672852234,0,0.333333333,1,0,1,0,0,0.333333333,1,0,,basement,0.032377225,0.009463717,3.421195496,0.000671298,0.013786466,0.050967984,0.013786466,0.050967984
0.475757576,0.505154639,0.333333333,1,1,1,0,0,1,0.333333333,1,0,,hotwaterheating,0.074458263,0.019324767,3.852996633,0.000130892,0.036496213,0.112420314,0.036496213,0.112420314
0.472727273,0.41443299,0.333333333,1,1,1,0,0,1,0.333333333,0,0,,airconditioning,0.075065372,0.009347508,8.030522216,6.25387E-15,0.056702896,0.093427849,0.056702896,0.093427849
0.472727273,0.298969072,0.333333333,1,1,1,0,0,1,0.333333333,0,0,,parking,0.073814789,0.015167692,4.86658031,1.49777E-06,0.044019001,0.103610577,0.044019001,0.103610577
0.466666667,0.298969072,0.333333333,0.333333333,1,1,0,0,0,0.333333333,0,0,,prefarea,0.056870834,0.010013941,5.679166267,2.22734E-08,0.037199201,0.076542466,0.037199201,0.076542466
0.460606061,0.496907216,0,0,1,0,0,0,1,0.333333333,0,0,,unfurnished,-0.033715516,0.008751782,-3.852417048,0.000131194,-0.050907733,-0.016523298,-0.050907733,-0.016523298
0.460606061,0.315463918,0.333333333,0.333333333,1,0,0,0,1,0.333333333,0,0,,,,,,,,,,
0.457575758,0.32371134,0.333333333,0.666666667,1,0,0,0,1,0.666666667,1,0,,,,,,,,,,
0.454545455,0.654639175,0,0,1,0,1,0,1,0.333333333,1,0,,,,,,,,,,
0.448484848,0.496907216,0.333333333,0.333333333,1,0,1,0,1,0.333333333,0,0,,,,,,,,,,
0.448484848,0.793814433,0,0,1,0,1,1,0,0.333333333,0,0,,,,,,,,,,
0.445454545,0.41580756,0.333333333,0,1,0,0,0,0,0.666666667,0,1,,,,,,,,,,
0.442424242,0.298969072,0,0,1,0,0,0,1,0.333333333,0,0,,,,,,,,,,
0.436363636,0.717525773,0.333333333,0.333333333,1,0,0,0,0,0.666666667,1,0,,,,,,,,,,
0.436363636,0.161512027,0.333333333,0.333333333,1,0,1,0,1,0,1,0,,,,,,,,,,
0.433333333,0.298969072,0.333333333,1,1,0,0,0,1,0,0,1,,,,,,,,,,
0.43030303,0.23161512,0,1,1,0,0,0,1,0,1,1,,,,,,,,,,
0.427272727,0.340206186,0.333333333,1,1,0,1,0,0,0,1,0,,,,,,,,,,
0.424242424,0.164261168,0,0.333333333,1,0,1,1,0,0.333333333,0,0,,,,,,,,,,
0.424242424,0.179381443,0.333333333,0.333333333,1,0,0,1,0,0,0,0,,,,,,,,,,
0.424242424,0.327835052,0.333333333,0.666666667,1,0,0,0,1,0,1,0,,,,,,,,,,
0.424242424,0.333333333,0.333333333,0.666666667,1,0,0,0,1,0,1,0,,,,,,,,,,
0.424242424,0.278350515,0,0,1,1,1,0,1,0.666666667,1,0,,,,,,,,,,
0.424242424,0.298969072,0.333333333,0.666666667,1,1,0,0,1,0,0,0,,,,,,,,,,
0.422424242,0.298969072,0,0.333333333,1,0,0,1,0,0.333333333,1,0,,,,,,,,,,
0.421212121,0.161512027,0.333333333,0.333333333,1,0,1,0,1,0.333333333,0,0,,,,,,,,,,
0.421212121,0.608247423,0.333333333,0,1,0,1,0,1,0.333333333,1,0,,,,,,,,,,
0.418181818,0.298969072,0.333333333,1,1,0,0,0,1,0,0,0,,,,,,,,,,
0.412121212,0.145017182,0,0.333333333,1,0,0,1,0,0.666666667,0,0,,,,,,,,,,
0.412121212,0.453608247,0.333333333,0.666666667,1,0,0,0,1,0,0,0,,,,,,,,,,
0.412121212,0.345017182,0,0.666666667,1,0,1,0,0,0,1,1,,,,,,,,,,
0.409090909,0.158762887,0,0,1,0,1,0,0,0.666666667,0,0,,,,,,,,,,
0.409090909,0.395876289,0,0,1,1,1,0,1,0.666666667,1,1,,,,,,,,,,
0.406060606,0.47628866,0.666666667,0.333333333,1,0,0,0,0,0.666666667,0,0,,,,,,,,,,
0.406060606,0.23024055,0,0.333333333,1,0,0,0,1,0,0,0,,,,,,,,,,
0.404242424,0.350515464,0,0,1,1,1,0,0,0.666666667,1,0,,,,,,,,,,
0.403030303,0.216494845,0.333333333,1,1,1,0,0,1,0,0,0,,,,,,,,,,
0.393939394,0.381443299,0.333333333,0,1,0,1,0,1,1,0,0,,,,,,,,,,
0.393939394,0.298969072,0.333333333,1,1,0,0,0,0,0.333333333,0,0,,,,,,,,,,
0.393939394,0.16838488,0.333333333,0.666666667,1,0,0,0,1,0.666666667,0,0,,,,,,,,,,
0.393939394,0.505154639,0,0,1,0,1,0,0,0.333333333,1,0,,,,,,,,,,
0.393939394,0.326460481,0,0,1,1,1,0,1,0.333333333,1,0,,,,,,,,,,
0.393333333,0.340206186,0.333333333,0.666666667,1,0,0,0,1,0,1,1,,,,,,,,,,
0.390909091,0.298969072,0,0.666666667,1,1,1,0,0,0,1,1,,,,,,,,,,
0.387878788,0.340206186,0.333333333,0,1,0,1,0,1,0,1,1,,,,,,,,,,
0.387878788,0.264604811,0,0.666666667,1,0,0,0,0,0.333333333,1,1,,,,,,,,,,
0.384848485,0.264604811,0.333333333,1,1,1,0,0,1,0.333333333,0,0,,,,,,,,,,
0.384848485,0.323024055,0.333333333,0.666666667,1,1,0,0,1,0,0,0,,,,,,,,,,
0.384848485,0.264604811,0.333333333,0,1,1,1,0,0,0.666666667,1,0,,,,,,,,,,
0.381818182,0.195876289,0,1,1,0,0,0,1,0,0,1,,,,,,,,,,
0.381818182,0.261168385,0.333333333,0,1,0,1,0,1,0,1,0,,,,,,,,,,
0.378787879,0.327835052,0,0.666666667,1,0,1,0,0,0,1,1,,,,,,,,,,
0.377272727,0.109278351,0,0.666666667,1,0,0,0,0,0.333333333,0,0,,,,,,,,,,
0.375757576,0.341237113,0.333333333,0.333333333,1,1,0,1,0,0.333333333,0,0,,,,,,,,,,
0.375757576,0.340206186,0,0,1,1,1,0,0,0.666666667,1,0,,,,,,,,,,
0.375757576,0.461993127,0,0.666666667,1,0,0,0,1,0.666666667,0,1,,,,,,,,,,
0.375151515,0.182130584,0.333333333,0.333333333,1,0,0,0,0,0,0,0,,,,,,,,,,
0.375151515,0.547766323,0,0,1,0,1,0,0,0.666666667,1,0,,,,,,,,,,
0.36969697,0.35395189,0,0,1,1,1,0,0,0.666666667,0,0,,,,,,,,,,
0.36969697,0.436426117,0,0,1,1,1,0,1,0.666666667,1,0,,,,,,,,,,
0.36969697,0.360824742,0.333333333,0,1,1,1,0,0,0,1,1,,,,,,,,,,
0.363636364,0.140893471,0,0.333333333,1,1,0,0,1,0,0,0,,,,,,,,,,
0.363636364,0.327835052,0,0,1,0,1,0,1,0,1,0,,,,,,,,,,
0.363636364,0.369072165,0,0,1,0,1,0,1,0.666666667,1,0,,,,,,,,,,
0.363636364,0.336082474,0,0,1,1,1,0,0,0.666666667,1,0,,,,,,,,,,
0.363636364,0.383573883,0,0.333333333,1,1,1,0,1,0,1,0,,,,,,,,,,
0.363636364,0.316426117,0.333333333,0,1,0,1,0,0,0.333333333,1,0,,,,,,,,,,
0.363636364,0.389690722,0.333333333,0.333333333,1,0,0,0,0,0,0,0,,,,,,,,,,
0.363636364,0.335051546,0.333333333,1,1,0,0,0,0,0.333333333,0,0,,,,,,,,,,
0.363030303,0.958762887,0,0,1,0,0,0,1,0.666666667,0,0,,,,,,,,,,
0.357575758,0.378694158,0,0,1,0,1,0,0,0.666666667,1,1,,,,,,,,,,
0.357575758,0.333333333,0.333333333,0.666666667,1,0,0,0,1,0,0,1,,,,,,,,,,
0.356969697,0.264604811,0,0.666666667,1,1,0,0,1,0.333333333,0,0,,,,,,,,,,
0.356969697,0.674226804,0,0.666666667,1,0,0,0,0,0.666666667,1,0,,,,,,,,,,
0.356363636,0.216494845,0,0,1,1,1,0,0,0,0,1,,,,,,,,,,
0.351515152,0.287147766,0,1,1,1,0,0,0,0,0,0,,,,,,,,,,
0.351515152,0.243986254,0,0.666666667,1,0,0,0,1,0,0,0,,,,,,,,,,
0.351515152,0.216494845,0,0.666666667,1,0,0,0,1,0,0,1,,,,,,,,,,
0.350909091,0.367697595,0,0,1,0,1,0,0,0.666666667,1,0,,,,,,,,,,
0.348484848,0.298969072,0.333333333,1,1,0,0,0,1,0,0,1,,,,,,,,,,
0.345454545,0.257731959,0.333333333,0.333333333,1,0,0,0,1,0.666666667,0,1,,,,,,,,,,
0.345454545,0.205498282,0,0.333333333,1,0,0,0,0,0.333333333,0,0,,,,,,,,,,
0.345454545,0.23024055,0,0.666666667,1,0,0,0,1,0,0,0,,,,,,,,,,
0.345454545,0.32371134,0,0,1,1,1,0,1,0.666666667,1,0,,,,,,,,,,
0.345454545,0.285223368,0.333333333,1,1,0,0,0,1,0,0,1,,,,,,,,,,
0.337878788,0.344329897,0.333333333,0.333333333,1,1,1,0,0,0.333333333,1,0,,,,,,,,,,
0.333333333,0.608247423,0.333333333,0.333333333,1,0,0,0,0,0.333333333,0,0,,,,,,,,,,
0.333333333,0.216494845,0.333333333,0.666666667,0,0,1,1,0,0,0,1,,,,,,,,,,
0.333333333,0.209621993,0,0.333333333,1,1,1,0,1,0.333333333,0,0,,,,,,,,,,
0.333333333,0.23024055,0,1,1,0,0,0,0,0,0,0,,,,,,,,,,
0.333333333,0.608247423,0,0,1,0,0,0,0,0.333333333,0,0,,,,,,,,,,
0.333333333,0.264604811,0.333333333,0.333333333,1,0,0,0,0,0.333333333,0,0,,,,,,,,,,
0.333333333,0.32371134,0,0.666666667,1,0,0,0,0,0,1,0,,,,,,,,,,
0.333333333,0.340206186,0.333333333,0,1,0,1,0,0,0,1,0,,,,,,,,,,
0.333333333,0.239587629,0,0.333333333,1,1,1,0,1,0,1,1,,,,,,,,,,
0.33030303,0.189003436,0,0.333333333,1,0,0,0,1,0.666666667,1,0,,,,,,,,,,
0.33030303,0.257731959,0,0.333333333,1,1,1,0,1,0,1,0,,,,,,,,,,
0.327272727,0.113402062,0.666666667,0.333333333,1,0,1,0,0,0,0,0,,,,,,,,,,
0.327272727,0.137457045,0.333333333,0.333333333,1,0,0,0,0,0.666666667,0,0,,,,,,,,,,
0.327272727,0.305841924,0.333333333,0,1,0,1,0,0,0.666666667,1,0,,,,,,,,,,
0.326666667,0.360824742,0,0,1,1,1,0,0,0,1,0,,,,,,,,,,
0.324242424,0.080206186,0.333333333,0.333333333,0,1,1,0,0,0.333333333,0,0,,,,,,,,,,
0.324242424,0.435051546,0,0,1,0,0,0,0,0.666666667,0,0,,,,,,,,,,
0.321212121,0.103092784,0.333333333,0,1,1,1,0,1,0,0,0,,,,,,,,,,
0.321212121,0.313402062,0,1,1,1,0,0,1,0,0,0,,,,,,,,,,
0.321212121,0.305841924,0,0.666666667,1,1,0,0,1,0,1,0,,,,,,,,,,
0.321212121,0.340206186,0.333333333,0.333333333,1,1,1,0,0,0,1,0,,,,,,,,,,
0.318181818,0.355670103,0,0,1,1,1,0,1,0,1,0,,,,,,,,,,
0.315151515,0.347766323,0.333333333,0.333333333,1,1,1,0,0,0.333333333,1,0,,,,,,,,,,
0.314545455,0.329896907,0.333333333,0,1,1,1,1,0,0,0,1,,,,,,,,,,
0.309090909,0.422680412,0,0,1,0,1,0,1,0.666666667,1,1,,,,,,,,,,
0.306060606,0.202749141,0.333333333,0,1,0,0,0,1,0.666666667,0,0,,,,,,,,,,
0.303030303,0.179381443,0,0.333333333,1,0,1,0,1,0,0,0,,,,,,,,,,
0.303030303,0.336082474,0.333333333,0.333333333,0,0,0,0,1,0,0,0,,,,,,,,,,
0.303030303,0.264604811,0.333333333,0,1,0,1,0,0,0,0,0,,,,,,,,,,
0.303030303,0.592371134,0,0,1,0,0,0,0,0.333333333,1,0,,,,,,,,,,
0.303030303,0.463917526,0,0.333333333,1,1,1,0,1,0.666666667,1,1,,,,,,,,,,
0.303030303,0.250859107,0.333333333,0,1,0,0,0,1,0,1,1,,,,,,,,,,
0.303030303,0.147766323,0,0.333333333,1,1,1,0,0,0.333333333,1,1,,,,,,,,,,
0.303030303,0.560137457,0.333333333,0.333333333,1,1,0,0,0,0.666666667,0,0,,,,,,,,,,
0.303030303,0.472164948,0,0,1,0,0,0,1,0.666666667,0,0,,,,,,,,,,
0.302424242,0.302405498,0,0,1,0,1,0,0,0,1,0,,,,,,,,,,
0.301212121,0.373539519,0,0,1,1,1,0,0,0.666666667,1,0,,,,,,,,,,
0.3,0.105154639,0.333333333,0.333333333,1,0,0,0,0,0.666666667,0,0,,,,,,,,,,
0.3,0.195876289,0.333333333,0,0,0,1,0,1,0.666666667,0,0,,,,,,,,,,
0.3,0.381443299,0,0.333333333,1,1,1,0,0,0.333333333,1,0,,,,,,,,,,
0.293939394,0.120962199,0,0.333333333,0,0,0,0,1,0,0,0,,,,,,,,,,
0.293939394,0.435051546,0,0,1,0,0,0,0,0.333333333,1,0,,,,,,,,,,
0.290909091,0.092783505,0.333333333,0.333333333,1,1,1,0,0,0,0,0,,,,,,,,,,
0.290909091,0.092783505,0,0.333333333,1,0,1,0,0,0,0,1,,,,,,,,,,
0.290909091,0.670790378,0,0.333333333,1,0,0,0,0,0,1,0,,,,,,,,,,
0.290909091,0.305841924,0,0,1,0,1,0,1,0,1,0,,,,,,,,,,
0.287878788,0.279725086,0,0.333333333,1,0,0,0,1,0,1,1,,,,,,,,,,
0.284848485,0.129896907,0,0,0,1,1,0,0,0,0,0,,,,,,,,,,
0.284848485,0.408934708,0,0.333333333,1,0,0,0,1,0.666666667,0,0,,,,,,,,,,
0.284848485,0.621993127,0,0.333333333,1,1,1,0,0,0,0,0,,,,,,,,,,
0.284848485,0.340206186,0,0,1,1,1,0,0,0,1,0,,,,,,,,,,
0.284242424,0.216494845,0,0,1,1,1,0,0,0,0,0,,,,,,,,,,
0.281818182,0.446735395,0.333333333,0,1,1,1,0,0,0,0,0,,,,,,,,,,
0.278787879,0.189690722,0.666666667,0.333333333,1,0,1,0,0,0.666666667,0,0,,,,,,,,,,
0.278787879,0.414845361,0,0,1,1,1,1,0,0,0,0,,,,,,,,,,
0.277575758,0.079037801,0.333333333,0.333333333,0,0,1,0,1,0.333333333,0,0,,,,,,,,,,
0.275757576,0.295395189,0,0.333333333,1,0,0,0,1,0,0,0,,,,,,,,,,
0.273333333,0.175257732,0,0.333333333,1,0,0,0,0,0.333333333,0,0,,,,,,,,,,
0.272727273,0.197250859,0,0.333333333,1,0,1,0,1,0,0,0,,,,,,,,,,
0.272727273,0.168041237,0,0.333333333,0,1,1,0,1,0,0,0,,,,,,,,,,
0.272727273,0.16975945,0,0,1,0,1,0,0,0.333333333,0,0,,,,,,,,,,
0.272727273,0.257731959,0,0.333333333,1,0,0,0,0,0,0,0,,,,,,,,,,
0.272727273,0.21443299,0,0,1,1,1,0,0,0,0,0,,,,,,,,,,
0.272727273,0.319587629,0,0,1,0,0,0,1,0.666666667,0,0,,,,,,,,,,
0.272727273,0.285223368,0,0,1,1,1,0,1,0,0,0,,,,,,,,,,
0.272727273,0.092783505,0,0.333333333,1,0,1,0,1,0,0,0,,,,,,,,,,
0.272727273,0.090721649,0,0.666666667,1,0,0,0,0,0,0,0,,,,,,,,,,
0.272727273,0.348453608,0,0,1,0,0,0,0,0,0,1,,,,,,,,,,
0.272727273,0.205910653,0,0.333333333,1,1,1,0,0,0.666666667,0,0,,,,,,,,,,
0.272727273,0.773195876,0,0,1,0,0,0,0,0.666666667,0,0,,,,,,,,,,
0.272121212,0.121649485,0.333333333,0.333333333,1,0,1,0,1,0.666666667,0,0,,,,,,,,,,
0.272121212,0.229896907,0.333333333,0,1,0,1,0,0,0,0,0,,,,,,,,,,
0.26969697,0.18556701,0,0,1,0,1,0,0,0,0,1,,,,,,,,,,
0.266666667,0.172508591,0,0.666666667,1,0,0,0,0,0,0,1,,,,,,,,,,
0.266666667,0.301718213,0,0,1,0,0,0,0,0.666666667,1,0,,,,,,,,,,
0.266666667,0.358213058,0,0.333333333,1,0,0,0,1,0.666666667,1,0,,,,,,,,,,
0.266666667,0.217525773,0,0,1,0,0,0,1,0,1,0,,,,,,,,,,
0.263636364,0.367697595,0,0.333333333,1,0,1,0,0,0,0,1,,,,,,,,,,
0.263636364,0.443298969,0,1,1,0,1,0,1,0.666666667,0,0,,,,,,,,,,
0.261212121,0.121649485,0.333333333,0.333333333,1,0,0,0,0,0,0,0,,,,,,,,,,
0.260606061,0.516563574,0,0,1,0,1,0,1,0.666666667,0,0,,,,,,,,,,
0.260606061,0.321030928,0,0.333333333,1,0,1,0,1,0.333333333,0,0,,,,,,,,,,
0.260606061,0.590378007,0,0,1,0,0,0,1,0.666666667,1,1,,,,,,,,,,
0.26,0.329209622,0,0,1,0,0,0,1,1,0,0,,,,,,,,,,
0.254545455,0.241924399,0,1,1,0,0,0,1,0,0,0,,,,,,,,,,
0.254545455,0.298969072,0,0,1,0,1,0,1,0.333333333,0,0,,,,,,,,,,
0.254545455,0.136082474,0,0.333333333,1,0,0,0,0,0.666666667,0,0,,,,,,,,,,
0.254545455,0.550996564,0.333333333,0.333333333,1,1,1,0,0,0.333333333,0,0,,,,,,,,,,
0.254545455,0.257731959,0,0.333333333,1,0,0,0,0,0,1,0,,,,,,,,,,
0.254545455,0.183505155,0,0,1,0,0,0,0,0,1,0,,,,,,,,,,
0.251515152,0.143986254,0,0.333333333,1,0,1,0,0,0,0,0,,,,,,,,,,
0.248484848,0.172508591,0,0,1,1,1,0,1,0,0,1,,,,,,,,,,
0.248484848,0.153264605,0.333333333,0.333333333,1,0,1,0,0,0.666666667,0,0,,,,,,,,,,
0.248484848,0.276975945,0,0.333333333,1,1,0,0,1,0.333333333,0,0,,,,,,,,,,
0.248484848,0.083848797,0,0.333333333,1,1,1,0,0,0,1,0,,,,,,,,,,
0.248484848,0.230927835,0,0.333333333,1,0,1,0,0,0,0,0,,,,,,,,,,
0.247878788,0.196563574,0.333333333,0.333333333,1,0,1,0,0,0,0,0,,,,,,,,,,
0.245454545,0.161512027,0,0.333333333,1,0,0,0,0,0.333333333,0,0,,,,,,,,,,
0.245454545,0.150515464,0,0.333333333,1,0,0,0,0,0.333333333,1,0,,,,,,,,,,
0.242424242,0.145017182,0,0,1,0,0,0,0,0.666666667,0,0,,,,,,,,,,
0.242424242,0.136769759,0,0.333333333,1,0,0,0,1,0,0,0,,,,,,,,,,
0.242424242,0.06185567,0,0.333333333,1,0,1,0,0,0,0,0,,,,,,,,,,
0.242424242,0.252233677,0,0.333333333,1,1,1,0,0,0,1,0,,,,,,,,,,
0.242424242,0.254982818,0,0.333333333,1,0,0,0,0,0.666666667,1,1,,,,,,,,,,
0.242424242,0.128522337,0,0,1,0,0,0,0,0,1,0,,,,,,,,,,
0.242424242,0.463917526,0,1,1,0,0,0,0,1,0,1,,,,,,,,,,
0.241818182,0.16838488,0.333333333,0,1,1,1,0,0,0,0,0,,,,,,,,,,
0.241818182,0.229553265,0.333333333,0.333333333,1,1,1,0,0,0,1,0,,,,,,,,,,
0.239393939,0.127835052,0,0.666666667,1,0,0,0,0,0,0,0,,,,,,,,,,
0.239393939,0.12371134,0,0.333333333,1,0,1,0,0,0.333333333,0,0,,,,,,,,,,
0.239393939,0.564261168,0,0,1,0,0,0,0,0,0,0,,,,,,,,,,
0.239393939,0.128522337,0,0.333333333,1,0,0,0,0,0,1,0,,,,,,,,,,
0.236363636,0.196563574,0,0.333333333,1,0,0,0,1,0.666666667,0,0,,,,,,,,,,
0.236363636,0.291065292,0,0,1,0,0,0,1,0.333333333,0,1,,,,,,,,,,
0.236363636,0.161512027,0,0.333333333,1,0,0,0,0,0.666666667,0,0,,,,,,,,,,
0.236363636,0.453608247,0,0,1,0,0,0,0,0,0,0,,,,,,,,,,
0.236363636,0.164261168,0,0.333333333,1,0,0,0,0,0.333333333,0,0,,,,,,,,,,
0.235757576,0.32371134,0,0,1,0,1,0,1,0.333333333,0,0,,,,,,,,,,
0.235757576,0.103917526,0,0.333333333,1,0,0,0,1,0.333333333,0,0,,,,,,,,,,
0.235757576,0.127835052,0,0.333333333,1,0,0,0,0,0,0,0,,,,,,,,,,
0.233333333,0.144329897,0,0,1,1,1,0,0,0,0,0,,,,,,,,,,
0.23030303,0.159312715,0,0.333333333,0,0,0,0,0,0,0,0,,,,,,,,,,
0.23030303,0.223367698,0,0.333333333,1,0,1,0,0,0,0,0,,,,,,,,,,
0.22969697,0.084536082,0,0.333333333,1,0,0,0,0,0,1,0,,,,,,,,,,
0.22969697,0.221993127,0,0,1,0,0,0,0,0.666666667,1,1,,,,,,,,,,
0.22969697,0.224742268,0,0.333333333,1,0,0,0,0,0.333333333,0,0,,,,,,,,,,
0.227878788,0.226804124,0,0.333333333,1,0,0,0,1,0,0,0,,,,,,,,,,
0.227272727,0.154639175,0,0.333333333,1,0,0,0,0,0,0,1,,,,,,,,,,
0.224242424,0.195876289,0.333333333,0.666666667,1,0,0,1,0,0.333333333,0,0,,,,,,,,,,
0.224242424,0.017525773,0,0.333333333,0,0,1,0,0,0,0,0,,,,,,,,,,
0.224242424,0.166666667,0,0,1,1,1,0,0,0.666666667,0,0,,,,,,,,,,
0.224242424,0.127147766,0,0.333333333,1,0,0,0,0,0.666666667,0,0,,,,,,,,,,
0.224242424,0.329896907,0,0.333333333,1,0,0,0,0,0,0,0,,,,,,,,,,
0.222424242,0.16371134,0,0,1,0,1,0,0,0,0,0,,,,,,,,,,
0.221212121,0.189003436,0,0,1,0,0,0,0,0.333333333,0,0,,,,,,,,,,
0.221212121,0.59862543,0,0,1,0,0,0,0,0.333333333,1,0,,,,,,,,,,
0.218787879,0.120274914,0,0.333333333,1,0,1,0,0,0.666666667,1,0,,,,,,,,,,
0.218181818,0.32371134,0,0,1,0,0,0,0,0,0,0,,,,,,,,,,
0.218181818,0.32371134,0,0.333333333,1,0,0,0,0,0,0,1,,,,,,,,,,
0.218181818,0.195876289,0,0,1,0,0,0,1,0.666666667,0,0,,,,,,,,,,
0.218181818,0.036082474,0,0.333333333,0,1,1,0,1,0,0,1,,,,,,,,,,
0.218181818,0.186254296,0,0.333333333,1,0,0,0,0,0,0,0,,,,,,,,,,
0.218181818,0.420618557,0,0,1,0,0,0,0,0.333333333,0,0,,,,,,,,,,
0.215151515,0.343642612,0,0.333333333,1,1,0,0,0,0,0,0,,,,,,,,,,
0.215151515,0.07814433,0,0,1,0,1,0,0,0,1,0,,,,,,,,,,
0.212121212,0.264604811,0,0.333333333,1,0,0,0,1,0,0,1,,,,,,,,,,
0.212121212,0.232989691,0,0.333333333,1,0,1,0,1,0,0,1,,,,,,,,,,
0.212121212,0.288659794,0,0,1,1,1,0,0,0.666666667,0,0,,,,,,,,,,
0.212121212,0.065979381,0.666666667,0.333333333,0,0,0,0,0,0,0,0,,,,,,,,,,
0.212121212,0.089553265,0,0.333333333,1,0,1,0,1,0,0,1,,,,,,,,,,
0.212121212,0.075395189,0.333333333,0.333333333,0,0,0,0,0,0,0,0,,,,,,,,,,
0.212121212,0.189690722,0,0,0,0,0,0,0,0.333333333,0,1,,,,,,,,,,
0.212121212,0.161512027,0.333333333,0.333333333,0,0,0,0,0,0,0,0,,,,,,,,,,
0.212121212,0.046391753,0,0.333333333,0,0,0,0,0,0,0,0,,,,,,,,,,
0.212121212,0.202749141,0.333333333,0.333333333,1,0,0,0,1,0.333333333,0,0,,,,,,,,,,
0.212121212,0.136769759,0.333333333,0.333333333,1,0,1,0,0,0,0,1,,,,,,,,,,
0.212121212,0.285223368,0,0,1,0,0,1,0,0.666666667,0,0,,,,,,,,,,
0.212121212,0.367697595,0,0,1,0,0,0,0,1,0,0,,,,,,,,,,
0.212121212,0.166941581,0,0.666666667,1,0,0,0,0,0,0,0,,,,,,,,,,
0.212121212,0.128522337,0,0.333333333,1,0,0,0,0,0,1,0,,,,,,,,,,
0.212121212,0.034020619,0,0.666666667,1,0,0,0,0,0.333333333,1,1,,,,,,,,,,
0.212121212,0.195876289,0,0,1,0,1,0,0,0,0,0,,,,,,,,,,
0.211515152,0.453608247,0,0,1,0,1,0,0,1,0,0,,,,,,,,,,
0.211515152,0.12371134,0,0.333333333,1,0,0,0,0,0.333333333,0,0,,,,,,,,,,
0.209090909,0.219243986,0,0.333333333,1,0,0,0,0,0.333333333,0,0,,,,,,,,,,
0.209090909,0.167010309,0,0.333333333,1,0,0,0,0,0.666666667,0,0,,,,,,,,,,
0.209090909,0.16467354,0,0.333333333,1,0,1,0,0,0.333333333,0,0,,,,,,,,,,
0.206060606,0.204948454,0,0.333333333,1,0,0,0,1,0,0,0,,,,,,,,,,
0.206060606,0.297938144,0,0,1,0,1,0,0,0,0,0,,,,,,,,,,
0.205454545,0.303092784,0,0,1,0,1,0,0,0.333333333,0,0,,,,,,,,,,
0.203333333,0.134020619,0,0,1,0,1,0,1,0,1,0,,,,,,,,,,
0.203030303,0.1395189,0.333333333,0.333333333,1,0,0,0,0,0,0,0,,,,,,,,,,
0.203030303,0.164261168,0,0.333333333,1,0,0,0,0,0.333333333,0,0,,,,,,,,,,
0.203030303,0.271477663,0,0,1,0,0,0,1,0,0,0,,,,,,,,,,
0.2,0.29209622,0.333333333,0.333333333,0,0,1,0,0,0.333333333,0,1,,,,,,,,,,
0.2,0.229690722,0.333333333,0.333333333,1,0,0,0,0,0.666666667,0,1,,,,,,,,,,
0.2,0.184879725,0,0,1,0,0,0,0,0,0,0,,,,,,,,,,
0.2,0.092783505,0,0.666666667,1,0,1,0,1,0.666666667,0,0,,,,,,,,,,
0.2,0.183505155,0,0.333333333,1,0,0,0,0,0.666666667,1,0,,,,,,,,,,
0.196969697,0.136082474,0.333333333,0.333333333,1,0,0,1,0,0.666666667,0,0,,,,,,,,,,
0.196969697,0.124398625,0.333333333,0,1,0,1,0,1,0.333333333,0,0,,,,,,,,,,
0.196969697,0.257731959,0,0,1,0,0,0,0,1,0,0,,,,,,,,,,
0.195454545,0.195876289,0,0.333333333,0,0,1,0,1,0,0,0,,,,,,,,,,
0.195454545,0.124398625,0,0.333333333,1,0,0,0,1,0,0,0,,,,,,,,,,
0.193939394,0.16838488,0,0,0,0,1,0,0,0,0,1,,,,,,,,,,
0.193939394,0.331958763,0,0.333333333,0,0,0,0,1,0.333333333,0,0,,,,,,,,,,
0.193939394,0.195876289,0.333333333,0.333333333,0,0,1,0,1,0,0,0,,,,,,,,,,
0.193939394,0.158762887,0,0.333333333,1,0,0,0,0,0,0,0,,,,,,,,,,
0.193939394,0.164948454,0,0.333333333,1,1,1,0,0,0,1,1,,,,,,,,,,
0.187878788,0.38556701,0.333333333,0,1,1,1,0,0,1,0,0,,,,,,,,,,
0.187878788,0.264604811,0,0.333333333,1,1,1,0,0,0,0,0,,,,,,,,,,
0.187878788,0.092783505,0,0.333333333,1,0,0,0,0,0,0,0,,,,,,,,,,
0.187878788,0.112714777,0,0,1,0,0,1,0,0.333333333,0,0,,,,,,,,,,
0.187878788,0.148865979,0,0,1,0,1,0,1,0.666666667,0,0,,,,,,,,,,
0.187878788,0.441924399,0,0,1,0,0,0,1,0.666666667,0,0,,,,,,,,,,
0.187878788,0.034020619,0.333333333,0,1,0,1,0,0,0,1,1,,,,,,,,,,
0.184848485,0.146391753,0,0.333333333,1,1,1,0,0,0,0,0,,,,,,,,,,
0.184848485,0.105154639,0.333333333,0.333333333,1,0,0,0,0,0,0,0,,,,,,,,,,
0.181818182,0.250859107,0.333333333,0.333333333,1,0,0,0,0,0,0,0,,,,,,,,,,
0.181818182,0.105154639,0.333333333,0,1,0,1,0,0,0.666666667,0,0,,,,,,,,,,
0.181818182,0.37814433,0,0.333333333,1,0,0,0,1,0,0,0,,,,,,,,,,
0.181818182,0.167010309,0,0,1,0,0,0,0,0,0,0,,,,,,,,,,
0.181818182,0.151202749,0,0,1,0,0,0,0,0,0,0,,,,,,,,,,
0.181818182,0.025085911,0,0.333333333,1,0,1,0,0,0,1,0,,,,,,,,,,
0.181818182,0.036151203,0,0.333333333,1,1,0,0,0,0,1,0,,,,,,,,,,
0.180606061,0.116838488,0,0.333333333,1,0,0,0,0,0,0,1,,,,,,,,,,
0.178787879,0.103092784,0.333333333,0,0,0,1,0,0,0,0,0,,,,,,,,,,
0.175757576,0.217869416,0,0.333333333,1,0,0,0,0,0,0,0,,,,,,,,,,
0.175757576,0.121649485,0,0.333333333,1,0,0,1,0,0.333333333,0,0,,,,,,,,,,
0.175757576,0.134020619,0,0,1,0,0,0,0,0,0,0,,,,,,,,,,
0.175757576,0.287285223,0,0,1,0,0,0,0,0.666666667,0,1,,,,,,,,,,
0.175757576,0.082886598,0,0.666666667,1,0,0,0,0,0,1,0,,,,,,,,,,
0.175757576,0.463917526,0,0,1,0,0,0,0,0.333333333,0,0,,,,,,,,,,
0.175151515,0.453608247,0,0,1,0,0,0,0,0.666666667,0,0,,,,,,,,,,
0.175151515,0.059793814,0.333333333,0,0,0,1,0,1,0.333333333,0,0,,,,,,,,,,
0.175151515,0.362886598,0,0.333333333,0,0,0,0,0,0.333333333,0,0,,,,,,,,,,
0.172727273,0.125773196,0,0,1,0,0,0,0,0,1,0,,,,,,,,,,
0.16969697,0.134020619,0,0,1,0,0,0,0,0.333333333,0,1,,,,,,,,,,
0.16969697,0.164261168,0,0,1,0,0,0,0,0,0,0,,,,,,,,,,
0.16969697,0.300343643,0,0,1,0,0,0,0,0,0,0,,,,,,,,,,
0.16969697,0.164948454,0,0,1,0,0,0,0,0,0,0,,,,,,,,,,
0.16969697,0.132920962,0,0,1,0,0,1,0,0,0,0,,,,,,,,,,
0.169090909,0.101030928,0,0.333333333,0,0,1,1,0,0,0,0,,,,,,,,,,
0.169090909,0.261168385,0,0,1,0,0,0,0,0,0,0,,,,,,,,,,
0.166666667,0.136082474,0,0,1,0,1,0,0,0,0,0,,,,,,,,,,
0.166666667,0.136082474,0,0,1,0,0,0,1,0,0,1,,,,,,,,,,
0.166666667,0.274226804,0,0,0,0,0,0,0,0,0,0,,,,,,,,,,
0.166666667,0.134020619,0,0,1,0,0,0,0,0,0,0,,,,,,,,,,
0.163636364,0.180756014,0,0,1,0,0,0,1,0.666666667,0,0,,,,,,,,,,
0.163636364,0.131958763,0,0.333333333,1,0,1,0,0,0,0,0,,,,,,,,,,
0.163636364,0.105154639,0,0.333333333,0,0,1,0,0,0,0,0,,,,,,,,,,
0.163636364,0.092783505,0,0.333333333,1,0,0,0,1,0,0,0,,,,,,,,,,
0.163636364,0.128522337,0.333333333,0,1,0,1,0,0,0,0,0,,,,,,,,,,
0.163636364,0.296219931,0,0.333333333,1,1,1,0,0,0,0,1,,,,,,,,,,
0.163636364,0.170446735,0.333333333,0.333333333,1,0,0,0,0,0.666666667,0,0,,,,,,,,,,
0.163636364,0.082474227,0.333333333,0.333333333,0,0,1,0,0,0,1,1,,,,,,,,,,
0.163636364,0.042955326,0,0.666666667,1,0,0,1,1,0,1,0,,,,,,,,,,
0.163030303,0.128522337,0,0,1,0,0,0,0,0.666666667,1,1,,,,,,,,,,
0.160606061,0.195876289,0,0,1,0,0,0,0,0,0,0,,,,,,,,,,
0.160606061,0.161512027,0,0,1,0,0,0,0,0,1,0,,,,,,,,,,
0.157575758,0.103092784,0,0.333333333,1,0,1,0,0,0,0,0,,,,,,,,,,
0.157575758,0.195876289,0.333333333,0.333333333,1,0,1,0,0,0.666666667,0,0,,,,,,,,,,
0.157575758,0.195876289,0,0,0,0,0,0,0,0,0,0,,,,,,,,,,
0.157575758,0.136769759,0,0,1,0,0,0,0,0,0,1,,,,,,,,,,
0.154545455,0.151202749,0,0,1,0,0,0,0,0.666666667,0,1,,,,,,,,,,
0.151515152,0.178006873,0,0.333333333,1,0,0,0,1,0,0,0,,,,,,,,,,
0.151515152,0.137457045,0,0.333333333,1,0,0,0,0,0,0,1,,,,,,,,,,
0.151515152,0.202749141,0,0.333333333,1,0,0,0,0,0,0,0,,,,,,,,,,
0.151515152,0.033333333,0.333333333,0.333333333,0,0,0,0,0,0,0,1,,,,,,,,,,
0.151515152,0.095257732,0,0.333333333,1,0,1,0,0,0,0,0,,,,,,,,,,
0.151515152,0.160824742,0,0.333333333,1,0,0,0,0,0,0,0,,,,,,,,,,
0.151515152,0.396838488,0,0,0,0,0,0,0,0,0,1,,,,,,,,,,
0.151515152,0.125773196,0,0,0,0,0,0,1,0,0,1,,,,,,,,,,
0.151515152,0.134020619,0,0.333333333,1,0,0,0,0,0.333333333,0,1,,,,,,,,,,
0.151515152,0.136769759,0,0,1,0,0,0,0,0.333333333,0,0,,,,,,,,,,
0.151515152,0.29209622,0,0,1,0,0,0,0,0.333333333,0,0,,,,,,,,,,
0.151515152,0.101030928,0,0.333333333,1,0,0,0,0,0.333333333,0,1,,,,,,,,,,
0.151515152,0.391752577,0,0,1,0,0,0,0,0.333333333,0,0,,,,,,,,,,
0.151515152,0.127972509,0,0,1,0,0,0,0,0.333333333,1,1,,,,,,,,,,
0.151515152,0.5395189,0,0.333333333,1,0,0,0,0,1,1,1,,,,,,,,,,
0.151515152,0.290721649,0,0,1,0,0,0,0,0,0,1,,,,,,,,,,
0.151515152,0.776219931,0,0,1,0,0,0,0,0,0,1,,,,,,,,,,
0.150909091,0.223367698,0,0.333333333,0,0,0,0,0,0,0,1,,,,,,,,,,
0.148484848,0.096907216,0,0,1,0,0,0,0,0,0,1,,,,,,,,,,
0.148484848,0.252233677,0,0,1,0,0,0,0,0.333333333,1,1,,,,,,,,,,
0.148484848,0.034020619,0,0.666666667,1,0,0,0,0,0,1,0,,,,,,,,,,
0.145454545,0.161512027,0,0,1,0,0,0,0,0,0,1,,,,,,,,,,
0.145454545,0.105498282,0,0,1,0,0,0,0,0.666666667,0,1,,,,,,,,,,
0.145454545,0.151202749,0,0,1,0,0,0,0,0,0,1,,,,,,,,,,
0.145454545,0.034020619,0,0.666666667,1,0,0,0,0,0,1,0,,,,,,,,,,
0.145454545,0.065979381,0,0.333333333,1,0,1,0,0,0,1,1,,,,,,,,,,
0.145454545,0.020618557,0.333333333,0.333333333,1,0,1,0,0,0,1,1,,,,,,,,,,
0.144848485,0.164261168,0,0,1,0,0,0,0,0,0,1,,,,,,,,,,
0.142424242,0.215463918,0,0.333333333,1,1,1,0,1,0.333333333,0,0,,,,,,,,,,
0.142424242,0.12371134,0,0,1,0,1,0,0,0.666666667,0,1,,,,,,,,,,
0.142424242,0.136769759,0,0,1,0,0,0,0,0,0,0,,,,,,,,,,
0.139393939,0.127147766,0,0.333333333,1,0,0,0,1,0.666666667,0,1,,,,,,,,,,
0.139393939,0.227491409,0,0.666666667,0,0,0,0,0,0,0,0,,,,,,,,,,
0.139393939,0.16975945,0,0.333333333,1,0,0,0,0,0,0,1,,,,,,,,,,
0.139393939,0.213058419,0,0,1,0,0,0,0,0,0,1,,,,,,,,,,
0.139393939,0.142268041,0,0,0,0,0,0,1,0,0,1,,,,,,,,,,
0.139393939,0.144329897,0,0,1,0,0,0,0,0,0,1,,,,,,,,,,
0.139393939,0.099656357,0,0.333333333,0,0,1,0,0,0,0,0,,,,,,,,,,
0.139393939,0.105498282,0,0,1,0,1,0,0,0.666666667,0,0,,,,,,,,,,
0.138787879,0.072164948,0,0,0,0,0,0,0,0,0,0,,,,,,,,,,
0.136969697,0.034020619,0,0.333333333,1,0,1,0,0,0,1,0,,,,,,,,,,
0.136363636,0.164261168,0,0,1,0,0,0,0,0.333333333,0,1,,,,,,,,,,
0.136363636,0.214776632,0,0.333333333,1,0,0,0,0,0,0,1,,,,,,,,,,
0.133333333,0.058419244,0,0,0,0,0,0,1,0,0,1,,,,,,,,,,
0.133333333,0.105154639,0,0.333333333,1,0,1,0,1,0,0,1,,,,,,,,,,
0.133333333,0.303092784,0,0,1,1,1,0,0,0,0,0,,,,,,,,,,
0.133333333,0.125773196,0,0.333333333,0,0,0,0,0,0.333333333,0,0,,,,,,,,,,
0.133333333,0.147216495,0,0.333333333,1,0,0,0,0,0,0,0,,,,,,,,,,
0.133333333,0.164261168,0,0,1,0,0,0,0,0,0,1,,,,,,,,,,
0.133333333,0.034020619,0,0.333333333,1,0,1,0,0,0,1,0,,,,,,,,,,
0.133333333,0.290721649,0,0,1,0,0,0,0,0.333333333,0,1,,,,,,,,,,
0.13030303,0.195876289,0,0,0,0,0,0,0,0,0,0,,,,,,,,,,
0.13030303,0.156701031,0,0,0,0,0,0,0,0,0,1,,,,,,,,,,
0.128484848,0.136769759,0,0.333333333,1,0,1,0,0,0,0,1,,,,,,,,,,
0.127272727,0.186941581,0,0.333333333,1,0,0,0,0,0,0,1,,,,,,,,,,
0.127272727,0.071065292,0,0,1,0,0,0,1,0.333333333,0,1,,,,,,,,,,
0.127272727,0.183505155,0,0,0,0,0,0,0,0.333333333,0,1,,,,,,,,,,
0.127272727,0.101030928,0,0.333333333,0,0,0,0,0,0,0,0,,,,,,,,,,
0.121212121,0.12371134,0,0,1,0,0,0,0,0,0,0,,,,,,,,,,
0.121212121,0.160549828,0.333333333,0,0,1,1,0,0,0.333333333,0,1,,,,,,,,,,
0.121212121,0.127147766,0,0,0,0,1,0,0,0,0,0,,,,,,,,,,
0.121212121,0.168041237,0,0,1,0,0,0,0,0.666666667,0,0,,,,,,,,,,
0.121212121,0,0,0.333333333,0,0,1,0,0,0,0,1,,,,,,,,,,
0.121212121,0.12371134,0,0.333333333,1,0,1,0,0,0,0,0,,,,,,,,,,
0.121212121,0.350515464,0,0,1,0,0,0,0,0,0,0,,,,,,,,,,
0.121212121,0.505154639,0,0.333333333,1,0,0,0,0,0.666666667,0,0,,,,,,,,,,
0.121212121,0.097525773,0,0,1,0,0,0,0,0.333333333,0,1,,,,,,,,,,
0.120606061,0.195876289,0,0.333333333,1,0,0,0,1,0,0,1,,,,,,,,,,
0.119393939,0.264261168,0,0,1,0,1,0,0,0,0,1,,,,,,,,,,
0.118515152,0.051408935,0,0,1,0,0,0,0,0,1,0,,,,,,,,,,
0.118181818,0.092783505,0,0,0,0,0,0,1,0,0,1,,,,,,,,,,
0.118181818,0.151202749,0,0.333333333,1,0,0,0,0,0,0,1,,,,,,,,,,
0.118181818,0.127147766,0,0,1,0,0,0,0,0,0,1,,,,,,,,,,
0.115757576,0.443298969,0,0,1,0,0,0,0,0.333333333,0,1,,,,,,,,,,
0.115151515,0.227491409,0,0,1,0,1,0,1,0,0,1,,,,,,,,,,
0.115151515,0.035051546,0,0.333333333,0,0,1,0,0,0,0,0,,,,,,,,,,
0.115151515,0.098969072,0,0,1,1,1,0,0,0,0,1,,,,,,,,,,
0.115151515,0.195876289,0,0.333333333,1,0,0,1,0,0.333333333,0,0,,,,,,,,,,
0.112121212,0.147766323,0,0,1,0,0,0,0,0,0,1,,,,,,,,,,
0.109090909,0.098969072,0,0.333333333,0,0,0,0,0,0,0,0,,,,,,,,,,
0.109090909,0.109278351,0,0.333333333,1,0,0,0,0,0.666666667,0,0,,,,,,,,,,
0.109090909,0.081443299,0,0,1,0,0,0,0,0,0,0,,,,,,,,,,
0.109090909,0.202749141,0,0,1,0,0,0,0,0,0,0,,,,,,,,,,
0.109090909,0.235463918,0,0,0,0,0,0,0,0,0,1,,,,,,,,,,
0.109090909,0.144329897,0,0.333333333,1,0,0,0,0,0,0,1,,,,,,,,,,
0.109090909,0.136082474,0,0.333333333,1,0,0,0,0,1,0,0,,,,,,,,,,
0.108484848,0.439862543,0,0,1,0,0,0,0,0,0,1,,,,,,,,,,
0.106060606,0.185704467,0,0.333333333,0,0,0,0,0,0.333333333,0,1,,,,,,,,,,
0.104848485,0.092783505,0,0.333333333,1,0,0,0,0,0,0,0,,,,,,,,,,
0.103030303,0.288659794,0,0.333333333,1,0,1,0,0,0.333333333,0,1,,,,,,,,,,
0.103030303,0.227491409,0,0,1,0,0,0,0,0,0,1,,,,,,,,,,
0.103030303,0.134020619,0,0.333333333,0,0,0,0,0,0.333333333,0,1,,,,,,,,,,
0.103030303,0.13814433,0,0.333333333,0,0,0,0,0,0,0,1,,,,,,,,,,
0.103030303,0.125773196,0,0.333333333,0,0,0,0,0,0.333333333,0,0,,,,,,,,,,
0.103030303,0.072164948,0,0,0,0,0,0,0,0,0,0,,,,,,,,,,
0.103030303,0.103092784,0,0.333333333,0,0,0,0,0,0,0,1,,,,,,,,,,
0.103030303,0.341237113,0,0.333333333,1,0,0,0,0,0,0,0,,,,,,,,,,
0.096969697,0.095532646,0,0,0,0,0,0,0,0,0,1,,,,,,,,,,
0.096969697,0.136082474,0,0,1,0,0,0,0,0,0,1,,,,,,,,,,
0.096969697,0.298969072,0,0,1,0,0,0,0,0,0,0,,,,,,,,,,
0.096969697,0.257731959,0,0.333333333,1,0,0,0,0,0,0,1,,,,,,,,,,
0.095454545,0.243986254,0,0.666666667,1,0,0,0,0,0,0,1,,,,,,,,,,
0.093939394,0.113402062,0,0.333333333,0,0,0,0,0,0.333333333,0,0,,,,,,,,,,
0.093939394,0.18556701,0,0.333333333,0,0,0,1,0,0.333333333,0,1,,,,,,,,,,
0.093939394,0.068041237,0,0,0,0,0,0,0,0.333333333,0,0,,,,,,,,,,
0.090909091,0.068728522,0,0.333333333,1,0,1,0,0,0.333333333,0,1,,,,,,,,,,
0.090909091,0.158762887,0,0,1,0,0,0,0,0,0,0,,,,,,,,,,
0.084848485,0.35395189,0,0,1,0,0,0,0,0,0,1,,,,,,,,,,
0.084848485,0.161512027,0,0.333333333,1,0,0,0,0,0.333333333,0,1,,,,,,,,,,
0.081818182,0.161512027,0,0,1,0,0,0,0,0,0,1,,,,,,,,,,
0.078787879,0.156975945,0,0,1,0,0,0,0,0,0,1,,,,,,,,,,
0.078787879,0.024054983,0,0.333333333,1,0,0,0,0,0,0,0,,,,,,,,,,
0.078787879,0.136082474,0.666666667,0.333333333,0,1,0,0,0,0,0,1,,,,,,,,,,
0.078787879,0.079037801,0,0,1,0,0,0,0,0,0,1,,,,,,,,,,
0.078787879,0.053608247,0,0,0,0,0,0,0,0,0,1,,,,,,,,,,
0.078787879,0.125773196,0,0,1,0,0,0,0,0.333333333,0,0,,,,,,,,,,
0.078787879,0.161512027,0,0,1,0,0,0,0,0,0,0,,,,,,,,,,
0.078181818,0.105498282,0,0,1,0,0,0,1,0,0,1,,,,,,,,,,
0.078181818,0.161512027,0,0.333333333,1,0,0,0,1,0,0,1,,,,,,,,,,
0.073939394,0.086597938,0,0,0,0,0,0,0,0,0,1,,,,,,,,,,
0.072727273,0.134020619,0,0,1,0,0,0,0,0,0,1,,,,,,,,,,
0.072727273,0.189003436,0,0,1,0,0,0,0,0,0,1,,,,,,,,,,
0.072727273,0.134020619,0.333333333,0.333333333,1,0,1,0,0,0.333333333,0,0,,,,,,,,,,
0.066666667,0.084536082,0,0,0,0,0,0,0,0,0,1,,,,,,,,,,
0.066666667,0.105154639,0,0,0,0,0,0,0,0,0,1,,,,,,,,,,
0.066666667,0.092783505,0,0.333333333,1,0,0,0,0,0,0,0,,,,,,,,,,
0.063636364,0.189003436,0,0.333333333,1,0,0,0,0,0,0,1,,,,,,,,,,
0.063636364,0.092783505,0,0.333333333,0,0,0,0,0,0,0,0,,,,,,,,,,
0.060606061,0.107216495,0,0.333333333,1,0,1,0,0,0,0,1,,,,,,,,,,
0.060606061,0.109278351,0,0,0,1,0,0,0,0.333333333,0,1,,,,,,,,,,
0.060606061,0.092783505,0,0,1,0,0,0,0,0.333333333,0,1,,,,,,,,,,
0.060606061,0.127147766,0,0,1,1,0,0,0,0,0,1,,,,,,,,,,
0.060606061,0.219243986,0,0.333333333,1,0,0,0,0,0,0,1,,,,,,,,,,
0.060606061,0.41580756,0,0,1,0,0,0,0,0,0,1,,,,,,,,,,
0.056969697,0.136426117,0,0,0,0,0,0,0,0,0,1,,,,,,,,,,
0.054545455,0.056701031,0,0.333333333,1,0,0,0,0,0,0,0,,,,,,,,,,
0.054545455,0.07814433,0.333333333,0.333333333,1,0,0,0,0,0,0,0,,,,,,,,,,
0.054545455,0.110927835,0,0,1,0,0,0,0,0,0,1,,,,,,,,,,
0.051515152,0.136769759,0,0,1,0,0,0,0,0,0,1,,,,,,,,,,
0.048484848,0.105154639,0,0,1,0,0,0,0,0,0,1,,,,,,,,,,
0.045454545,0.012783505,0,0,0,0,1,0,0,0,0,0,,,,,,,,,,
0.045454545,0.159450172,0,0,0,0,0,0,0,0,0,1,,,,,,,,,,
0.045454545,0.159450172,0,0.333333333,1,0,1,0,0,0,0,1,,,,,,,,,,
0.042424242,0.020618557,0,0,0,0,0,1,0,0,0,1,,,,,,,,,,
0.041818182,0.250859107,0,0,0,0,0,0,1,0,1,1,,,,,,,,,,
0.033333333,0.092783505,0,0,0,0,0,0,0,0,0,1,,,,,,,,,,
0.03030303,0.051546392,0,0.333333333,1,0,0,0,0,0,0,1,,,,,,,,,,
0.03030303,0.092783505,0,0.333333333,1,0,0,0,0,0,0,1,,,,,,,,,,
0.03030303,0.117525773,0,0,1,0,0,0,0,0.333333333,0,1,,,,,,,,,,
0.018181818,0.121649485,0,0.333333333,0,0,0,0,0,0,0,1,,,,,,,,,,
0.012121212,0.003436426,0,0.333333333,1,0,0,0,0,0,0,1,,,,,,,,,,
0.012121212,0.137388316,0,0,1,0,0,0,0,0,0,1,,,,,,,,,,
0.009090909,0.09209622,0,0,0,0,0,0,0,0.333333333,0,1,,,,,,,,,,
0.006060606,0.092783505,0,0,1,0,1,0,0,0.666666667,0,1,,,,,,,,,,
0.001484848,0.051546392,0,0,0,0,0,0,0,0,0,0,,,,,,,,,,
0,0.135395189,0,0,1,0,0,0,0,0,0,1,,,,,,,,,,
0,0.086597938,0,0,0,0,0,0,0,0,0,0,,,,,,,,,,
0,0.151202749,0,0.333333333,1,0,0,0,0,0,0,1,,,,,,,,,,
